MAE,RMSE,R2
17.098842440387656,36.10041367830979,0.5080913265855962
